Boro,NTA,NTA Name,Total Population,Males Over 18,Females Over 18,Total Population Over 18,Total Population Over 18 Poverty Status,Total Population Over 18 Under 100% Poverty Level,Total Population Over 18 Under 200% Poverty Level,Total Registered Voters,Total Female Registered Voters,Total Male Registered Voters,Percent Registered Voters,Percent Female Registered Voters,Percent Male Registered Voters,Percent Population Over 18 Under 100% Poverty Level,Percent Population Over 18 Under 200% Poverty Level
Brooklyn,BK09,Brooklyn Heights-Cobble Hill,24168,9653,10889,20542,18758,1667,2704,16953,9259,7652,82.52847824,85.03076499,79.27069305,8.886874933,14.41518286
Brooklyn,BK17,Sheepshead Bay-Gerritsen Beach-Manhattan Beach,65631,25186,28397,53583,53149,7605,16176,35968,20134,15794,67.1257675,70.90185583,62.70944175,14.30882989,30.43519163
Brooklyn,BK19,Brighton Beach,34431,12416,15385,27801,27488,7375,12740,16739,9308,7399,60.21006439,60.50048749,59.59246134,26.82988941,46.34749709
Brooklyn,BK21,Seagate-Coney Island,32259,10481,13824,24305,23538,7878,14372,17083,10204,6846,70.28594939,73.81365741,65.31819483,33.46928371,61.05871357
Brooklyn,BK23,West Brighton,16774,6777,8239,15016,15016,2200,5210,11176,6301,4864,74.42727757,76.47772788,71.77217058,14.65103889,34.69632392
Brooklyn,BK25,Homecrest,45007,15484,17143,32627,32600,5482,12180,19368,10238,9103,59.3618782,59.72116899,58.78971842,16.81595092,37.36196319
Brooklyn,BK26,Gravesend,30587,11079,13106,24185,24185,4560,10165,15140,8604,6509,62.60078561,65.64932092,58.75078978,18.85466198,42.030184
Brooklyn,BK27,Bath Beach,33020,12243,13146,25389,25186,3769,8444,13650,7451,6179,53.76344086,56.67883767,50.46965613,14.96466291,33.52656238
Brooklyn,BK28,Bensonhurst West,90847,35304,36556,71860,71575,11953,29176,36594,20097,16426,50.92401893,54.97592734,46.52730569,16.69996507,40.76283619
Brooklyn,BK29,Bensonhurst East,65502,24631,27207,51838,51816,9600,20111,26795,14812,11933,51.68988001,54.44187158,48.44707888,18.52709588,38.81233596
Brooklyn,BK30,Dyker Heights,43888,16898,17927,34825,34686,6004,13661,20046,11041,8974,57.5620962,61.58866514,53.10687655,17.30957735,39.38476619
Brooklyn,BK31,Bay Ridge,79187,30885,33223,64108,63923,8929,17515,46712,25561,21069,72.86454109,76.93766367,68.21758135,13.96836819,27.40015331
Brooklyn,BK32,Sunset Park West,54667,22316,20285,42601,40449,9237,19129,23728,12850,10809,55.69822305,63.34730096,48.43609966,22.83616406,47.29165122
Brooklyn,BK33,Carroll Gardens-Columbia Street-Red Hook,43766,15691,18340,34031,33600,4671,8308,27785,15481,12243,81.64614616,84.41112323,78.02561978,13.90178571,24.72619048
Brooklyn,BK34,Sunset Park East,66348,24048,25100,49148,49148,13824,27852,24855,13745,11053,50.57174249,54.76095618,45.96224218,28.127289,56.66965085
Brooklyn,BK35,Stuyvesant Heights,69260,25236,29981,55217,55107,13107,22221,41983,24140,17749,76.03274354,80.51766119,70.3320653,23.78463716,40.3233709
Brooklyn,BK37,Park Slope-Gowanus,74731,27852,31460,59312,59177,4949,9166,49221,26984,22150,82.98657944,85.77240941,79.52750251,8.363046454,15.48912584
Brooklyn,BK38,DUMBO-Vinegar Hill-Downtown Brooklyn-Boerum Hill,45607,17242,19779,37021,36541,7311,11370,29339,16058,13212,79.24961508,81.18711765,76.62684143,20.00766263,31.11573301
Brooklyn,BK40,Windsor Terrace,22832,8053,9535,17588,17573,1325,2818,15108,8314,6762,85.89947692,87.19454641,83.96870731,7.5399761,16.03596426
Brooklyn,BK41,Kensington-Ocean Parkway,35510,13106,12821,25927,25723,4562,10212,18987,10076,8880,73.23253751,78.58981359,67.75522661,17.73510088,39.69987949
Brooklyn,BK42,Flatbush,106883,37096,44733,81829,81605,14214,31655,60648,34967,25566,74.11553361,78.16824268,68.91848178,17.41805036,38.79051529
Brooklyn,BK43,Midwood,54637,18244,20882,39126,38893,7796,14524,28490,15404,13039,72.81603026,73.76688057,71.47007235,20.04473813,37.34348083
Brooklyn,BK44,Madison,40958,15648,16443,32091,32082,4207,9284,20195,10978,9189,62.93041663,66.76397251,58.72315951,13.11327224,28.93834549
Brooklyn,BK45,Georgetown-Marine Park-Bergen Beach-Mill Basin,47726,17324,18938,36262,36257,2161,6971,25960,14243,11692,71.59009431,75.20857535,67.49018702,5.96022837,19.2266321
Brooklyn,BK46,Ocean Parkway South,20684,6640,7358,13998,13998,2832,5285,9915,5270,4631,70.83154736,71.62272357,69.7439759,20.23146164,37.75539363
Brooklyn,BK50,Canarsie,88522,28517,39603,68120,67633,7836,17034,50016,30277,19675,73.42337052,76.45127894,68.99393344,11.58606006,25.18592995
Brooklyn,BK58,Flatlands,72186,24921,30406,55327,55299,4773,12612,40753,24056,16648,73.65843078,79.11596395,66.80309779,8.631259155,22.80692237
Brooklyn,BK60,Prospect Lefferts Gardens-Wingate,69111,23771,31000,54771,53521,10075,20100,41835,24708,17032,76.38166183,79.70322581,71.65033023,18.82438669,37.5553521
Brooklyn,BK61,Crown Heights North,109987,39047,49133,88180,87364,20793,36730,67588,39833,27617,76.64776593,81.07178475,70.72758471,23.80042123,42.0424889
Brooklyn,BK63,Crown Heights South,40451,14632,16733,31365,31047,5040,12109,24944,14318,10561,79.52813646,85.56744158,72.17741935,16.23345251,39.00215802
Brooklyn,BK64,Prospect Heights,21237,8424,9249,17673,17673,1996,3506,16088,8996,7060,91.031517,97.26456914,83.80816714,11.29406439,19.83817122
Brooklyn,BK68,Fort Greene,32193,11773,14371,26144,24867,5106,8963,19699,11241,8428,75.34807222,78.22002644,71.58753079,20.53323682,36.04375276
Brooklyn,BK69,Clinton Hill,38930,14002,17967,31969,30504,4575,7615,26426,14794,11543,82.66132816,82.33984527,82.43822311,14.99803304,24.96393916
Brooklyn,BK72,Williamsburg,34373,8788,8796,17584,17398,8254,12500,15346,7903,7430,87.27252047,89.84765803,84.5471097,47.44223474,71.84733877
Brooklyn,BK73,North Side-South Side,57036,23341,23285,46626,46623,7312,13687,35467,18513,16860,76.06700124,79.50611982,72.23340902,15.68324647,29.35675525
Brooklyn,BK75,Bedford,77847,24751,29861,54612,54396,15048,25651,42371,23467,18789,77.58551234,78.58745521,75.91208436,27.66379881,47.15604089
Brooklyn,BK76,Greenpoint,33918,14845,15419,30264,30264,3318,7053,21916,11506,10352,72.4160719,74.62221934,69.73391714,10.96352102,23.30491673
Brooklyn,BK77,Bushwick North,57051,23222,21991,45213,45213,11513,20702,27955,14903,12967,61.82956229,67.76863262,55.83929033,25.46391525,45.78771592
Brooklyn,BK78,Bushwick South,72925,27595,30465,58060,57778,15026,27609,45092,24755,20207,77.66448502,81.25718037,73.22703388,26.00643844,47.78462391
Brooklyn,BK79,Ocean Hill,35818,12092,14192,26284,26258,6387,12303,19558,11468,8052,74.41028763,80.80608794,66.58948065,24.32401554,46.85429203
Brooklyn,BK81,Brownsville,52174,15306,24961,40267,40252,16817,25871,35680,22127,13506,88.60853801,88.64628821,88.23990592,41.77929047,64.27258273
Brooklyn,BK82,East New York,96755,30363,40067,70430,69920,18612,33410,54613,32162,22362,77.54224052,80.27054683,73.64884893,26.61899314,47.78318078
Brooklyn,BK83,Cypress Hills-City Line,49063,17488,19363,36851,36816,7751,15517,25308,14044,11212,68.67656237,72.53008315,64.11253431,21.05334637,42.1474359
Brooklyn,BK85,East New York (Pennsylvania Ave),29063,8887,13067,21954,21954,6192,10702,16547,9899,6617,75.37123076,75.75572052,74.45707213,28.20442744,48.74738089
Brooklyn,BK88,Borough Park,102494,30345,30013,60358,59751,18365,33363,41449,21151,20235,68.67192419,70.47279512,66.68314385,30.73588727,55.8367224
Brooklyn,BK90,East Williamsburg,36038,14624,16739,31363,31363,6218,10836,23347,12780,10487,74.44122055,76.34864687,71.71088621,19.82590951,34.55026624
Brooklyn,BK91,East Flatbush-Farragut,51922,17320,23573,40893,40869,4889,12180,31971,19197,12731,78.18208495,81.43638909,73.50461894,11.96261225,29.80253982
Brooklyn,BK93,Starrett City,12956,3794,6546,10340,10318,3085,5523,9820,6395,3408,94.97098646,97.69324778,89.82604112,29.89920527,53.52781547
Brooklyn,BK95,Erasmus,28689,9502,12655,22157,21902,3351,7205,16744,9937,6776,75.56979736,78.52232319,71.31130288,15.29997261,32.89653913
Brooklyn,BK96,Rugby-Remsen Village,54666,18506,25070,43576,43005,6810,14231,31334,18841,12436,71.90655407,75.15357,67.19982708,15.83536798,33.09150099
Brooklyn,BK99,park-cemetery-etc-Brooklyn,432,215,162,377,377,22,95,362,179,182,96.02122016,110.4938272,84.65116279,5.835543767,25.19893899
Bronx,BX01,Claremont-Bathgate,35560,10530,13252,23782,23546,9785,16753,17130,10008,6965,72.02926583,75.52067612,66.14434948,41.55695235,71.15008919
Bronx,BX03,Eastchester-Edenwald-Baychester,37887,13007,16456,29463,29220,4368,9837,18968,11441,7398,64.37905169,69.52479339,56.8770662,14.9486653,33.66529774
Bronx,BX05,Bedford Park-Fordham North,57685,20597,21981,42578,42575,12131,21577,24472,13957,10353,57.47569167,63.49574633,50.26460164,28.49324721,50.67997651
Bronx,BX06,Belmont,29115,9813,11726,21539,18776,7196,12830,9443,5429,3915,43.84140396,46.29882313,39.89605625,38.32552194,68.33191308
Bronx,BX07,Bronxdale,39423,14042,15696,29738,29280,7208,14637,17182,10071,6979,57.77792723,64.16284404,49.70089731,24.61748634,49.9897541
Bronx,BX08,West Farms-Bronx River,36014,12139,14160,26299,26294,8178,16063,16773,9511,7150,63.77809042,67.1680791,58.90106269,31.10215258,61.08998251
Bronx,BX09,Soundview-Castle Hill-Clason Point-Harding Park,54925,17647,23854,41501,41278,10445,18361,34443,20474,13800,82.99318089,85.83046868,78.20026067,25.30403605,44.48132177
Bronx,BX10,Pelham Bay-Country Club-City Island,26877,10267,11593,21860,21678,2032,5033,15348,8622,6626,70.21043001,74.37246614,64.53686569,9.373558446,23.21708645
Bronx,BX13,Co-op City,47400,15765,23087,38852,37104,3641,10369,29271,17760,11382,75.33975085,76.9264088,72.19790676,9.812958172,27.94577404
Bronx,BX14,East Concourse-Concourse Village,64850,22140,26130,48270,47589,14919,26463,31607,18223,13148,65.47959395,69.73976272,59.38572719,31.34968165,55.60738826
Bronx,BX17,East Tremont,44057,14245,17434,31679,31488,11152,20513,22807,13465,9157,71.99406547,77.23414019,64.28220428,35.41666667,65.14545224
Bronx,BX22,North Riverdale-Fieldston-Riverdale,27551,10330,12442,22772,19512,1702,3286,17826,10118,7619,78.28034428,81.32133098,73.75605034,8.722837228,16.84091841
Bronx,BX26,Highbridge,39140,12133,15307,27440,27294,9019,16116,19225,11266,7822,70.06195335,73.60031358,64.46880409,33.04389243,59.04594416
Bronx,BX27,Hunts Point,26196,8994,9981,18975,18344,6875,12253,13081,7587,5394,68.93807642,76.01442741,59.97331554,37.47819451,66.79568251
Bronx,BX28,Van Cortlandt Village,50935,17377,20894,38271,37396,8773,17958,26083,15070,10837,68.1534321,72.12596918,62.36404443,23.45972831,48.02117874
Bronx,BX29,Spuyten Duyvil-Kingsbridge,31295,11462,14068,25530,24487,3096,6356,18842,10854,7889,73.80336859,77.15382428,68.82742977,12.64344346,25.95663005
Bronx,BX30,Kingsbridge Heights,32163,10850,12976,23826,23252,5867,12696,15472,8894,6465,64.93746328,68.54192355,59.58525346,25.23223809,54.60175469
Bronx,BX31,Allerton-Pelham Gardens,31993,11946,13835,25781,24155,2598,5951,15810,8921,6806,61.32423102,64.48138778,56.97304537,10.75553716,24.63672118
Bronx,BX33,Longwood,27864,9428,10778,20206,20080,6953,12317,13244,7794,5360,65.54488766,72.31397291,56.85193042,34.62649402,61.33964143
Bronx,BX34,Melrose South-Mott Haven North,42882,13002,16844,29846,29822,10571,18498,21905,12777,8987,73.39341955,75.85490382,69.12013536,35.44698545,62.028033
Bronx,BX35,Morrisania-Melrose,40925,13350,16375,29725,29523,9712,16875,20771,12133,8495,69.87720774,74.09465649,63.6329588,32.89638587,57.15882532
Bronx,BX36,University Heights-Morris Heights,56293,17931,22018,39949,39869,15507,25690,28333,16751,11400,70.92292673,76.07866291,63.57704534,38.89488073,64.43602799
Bronx,BX37,Van Nest-Morris Park-Westchester Square,29004,10422,11131,21553,21040,4091,8421,13432,7359,5966,62.32079061,66.11265834,57.24429092,19.44391635,40.02376426
Bronx,BX39,Mott Haven-Port Morris,54163,17801,20335,38136,38108,15921,25695,30732,17961,12557,80.58527376,88.32554709,70.54098084,41.77862916,67.42678703
Bronx,BX40,Fordham South,28164,8818,10605,19423,19423,7797,12272,11911,6869,4961,61.32420326,64.77133428,56.25992289,40.14312928,63.18282449
Bronx,BX41,Mount Hope,53198,17619,20671,38290,38138,11626,22958,24481,14071,10227,63.93575346,68.07121088,58.04529201,30.48403167,60.19717867
Bronx,BX43,Norwood,42227,14794,16003,30797,30251,8750,17120,17799,10212,7423,57.79459038,63.81303506,50.17574692,28.92466365,56.59317047
Bronx,BX44,Williamsbridge-Olinville,66606,22102,28394,50496,49945,10081,20651,30811,18346,12239,61.0167142,64.61224202,55.37507918,20.18420262,41.34748223
Bronx,BX46,Parkchester,30372,10932,13404,24336,24336,4177,8244,18300,10500,7676,75.19723866,78.33482543,70.21587999,17.16387245,33.87573964
Bronx,BX49,Pelham Parkway,28913,10991,12387,23378,22993,3451,6890,14477,8147,6225,61.92574215,65.77056592,56.63724866,15.00891576,29.96564172
Bronx,BX52,Schuylerville-Throgs Neck-Edgewater Park,46810,17399,19607,37006,35407,4615,9715,25369,14410,10819,68.55374804,73.49416025,62.18173458,13.03414579,27.43807722
Bronx,BX55,Soundview-Bruckner,37130,12990,14132,27122,26926,8350,15775,17063,9716,7236,62.91202714,68.75176903,55.70438799,31.01091881,58.58649632
Bronx,BX59,Westchester-Unionport,28302,10148,11565,21713,21488,4226,8493,13577,7515,5984,62.52936029,64.98054475,58.96728419,19.66679077,39.5243857
Bronx,BX62,Woodlawn-Wakefield,43858,15562,19765,35327,35311,4381,10216,22647,13245,9262,64.10677386,67.01239565,59.51677162,12.4068987,28.93149444
Bronx,BX63,West Concourse,38081,12915,14706,27621,27621,9210,17025,18784,10602,8046,68.00622715,72.09302326,62.29965157,33.34419463,61.63788422
Bronx,BX75,Crotona Park East,22103,7206,9074,16280,16280,6147,10046,11233,6570,4587,68.9987715,72.40467269,63.65528726,37.75798526,61.70761671
Bronx,BX99,park-cemetery-etc-Bronx,831,242,281,523,523,106,186,284,190,92,54.30210325,67.61565836,38.01652893,20.26768642,35.56405354
Manhattan,MN01,Marble Hill-Inwood,52922,19458,22531,41989,41989,8479,18159,28049,16095,11863,66.80082879,71.4349119,60.96721143,20.19338398,43.24704089
Manhattan,MN03,Central Harlem North-Polo Grounds,86117,29816,38052,67868,67613,17743,30669,52333,30646,21538,77.10997819,80.53715968,72.23638315,26.24199488,45.35962019
Manhattan,MN04,Hamilton Heights,52700,21660,21627,43287,43275,9492,19372,30761,17006,13651,71.06290572,78.63318999,63.02400739,21.93414211,44.76487579
Manhattan,MN06,Manhattanville,23673,8937,10486,19423,19384,5071,10179,13860,7882,5931,71.35869845,75.16688919,66.36455186,26.16075113,52.51238135
Manhattan,MN09,Morningside Heights,53094,20507,26722,47229,37291,8752,14716,30142,17201,12834,63.82095746,64.37018187,62.58350807,23.46946985,39.46260492
Manhattan,MN11,Central Harlem South,51064,19223,22107,41330,41012,9584,15436,30319,17200,13047,73.35833535,77.80341068,67.87182022,23.36877012,37.63776456
Manhattan,MN12,Upper West Side,132455,50139,60969,111108,109886,11885,21607,94309,53000,41116,84.88047665,86.92942315,82.0040288,10.81575451,19.6631054
Manhattan,MN13,Hudson Yards-Chelsea-Flat Iron-Union Square,76863,36890,32746,69636,68308,8106,13760,48923,24362,24377,70.2553277,74.3968729,66.08023855,11.86683844,20.14405341
Manhattan,MN14,Lincoln Square,62685,23085,30744,53829,52363,4467,7866,41220,23371,17734,76.57582344,76.01808483,76.82044618,8.53083284,15.02205756
Manhattan,MN15,Clinton,49758,25089,21454,46543,46465,7610,13010,30673,14495,16066,65.90249876,67.56315839,64.03603173,16.37791886,27.99956957
Manhattan,MN17,Midtown-Midtown South,27875,13043,12611,25654,24262,2820,4533,16766,8617,8068,65.35433071,68.32923638,61.85693475,11.62311434,18.68353804
Manhattan,MN19,Turtle Bay-East Midtown,50180,21034,24933,45967,45458,2197,4283,30682,17453,13124,66.74788435,69.99959893,62.39421888,4.83303269,9.421883937
Manhattan,MN20,Murray Hill-Kips Bay,47775,21277,22235,43512,42087,5295,8480,26814,15122,11563,61.62437948,68.00989431,54.34506744,12.58108204,20.14873952
Manhattan,MN21,Gramercy,26928,12035,13136,25171,22345,2150,3722,16309,9175,7076,64.79281713,69.84622412,58.79518072,9.621839338,16.65697024
Manhattan,MN22,East Village,42529,20655,19712,40367,35574,6222,9669,25044,12999,11921,62.04077588,65.94460227,57.71483902,17.49030191,27.17996289
Manhattan,MN23,West Village,66258,29546,30576,60122,56031,4140,7571,42839,22622,20064,71.25345132,73.98613291,67.9076694,7.388766933,13.51216291
Manhattan,MN24,SoHo-TriBeCa-Civic Center-Little Italy,42698,17560,18613,36173,34538,3283,6121,25541,13434,12012,70.60791198,72.17536131,68.40546697,9.505472233,17.72250854
Manhattan,MN25,Battery Park City-Lower Manhattan,45680,18025,20607,38632,37600,3054,4720,24976,13649,11225,64.65106647,66.23477459,62.27461859,8.122340426,12.55319149
Manhattan,MN27,Chinatown,44062,19959,19105,39064,37279,9788,18742,23271,12742,10457,59.57147246,66.69458257,52.39240443,26.2560691,50.27495373
Manhattan,MN28,Lower East Side,68404,25847,32047,57894,57635,16919,31131,46728,26617,19971,80.71302726,83.0561363,77.26622045,29.35542639,54.01405396
Manhattan,MN31,Lenox Hill-Roosevelt Island,81559,30037,38681,68718,66502,4526,8426,46480,27303,19015,67.63875549,70.58504175,63.30525685,6.805810352,12.67029563
Manhattan,MN32,Yorkville,78241,28227,40114,68341,67932,4731,9371,50097,29449,20471,73.30445852,73.41327217,72.52276189,6.964317258,13.79467703
Manhattan,MN33,East Harlem South,59869,21467,27564,49031,46566,12999,22747,35684,21038,14562,72.77844629,76.32419097,67.8343504,27.91521711,48.84894558
Manhattan,MN34,East Harlem North,62810,21405,26876,48281,47926,16412,27822,36758,21839,14792,76.13346865,81.25837178,69.10534922,34.24446021,58.05199683
Manhattan,MN35,Washington Heights North,73052,28619,31631,60250,58056,10697,23955,41727,23394,18229,69.25643154,73.95909077,63.69544708,18.42531349,41.26188508
Manhattan,MN36,Washington Heights South,93663,39508,39608,79116,78317,16832,34015,53557,30115,23303,67.6942717,76.03261967,58.98299079,21.49214091,43.43246039
Manhattan,MN40,Upper East Side-Carnegie Hill,55649,20379,26642,47021,46750,2230,3929,43413,24826,18498,92.32683269,93.18369492,90.7699102,4.770053476,8.404278075
Manhattan,MN50,Stuyvesant Town-Cooper Village,22032,8162,11121,19283,19283,2011,3201,14110,8166,5908,73.17326142,73.4286485,72.38421955,10.42887518,16.60011409
Manhattan,MN99,park-cemetery-etc-Manhattan,1885,1728,142,1870,1378,1184,1352,288,46,239,15.40106952,32.3943662,13.83101852,85.92162554,98.11320755
Queens,QN01,South Jamaica,43253,14899,18057,32956,32925,4687,12328,22833,13506,9266,69.28328681,74.79647782,62.19209343,14.23538345,37.44267274
Queens,QN02,Springfield Gardens North,27649,8616,13128,21744,21744,1764,5141,17897,11106,6753,82.30776306,84.59780622,78.37743733,8.112582781,23.6433039
Queens,QN03,Springfield Gardens South-Brookville,22380,7128,9367,16495,16227,1723,3653,11967,7075,4868,72.54925735,75.53111989,68.29405163,10.61810563,22.51186294
Queens,QN05,Rosedale,26117,9318,11591,20909,20909,1552,3824,15026,8797,6205,71.86379071,75.89509102,66.59154325,7.422640968,18.28877517
Queens,QN06,Jamaica Estates-Holliswood,26517,10290,11422,21712,20928,1344,4544,15445,8522,6895,71.13577745,74.61040098,67.00680272,6.422018349,21.71253823
Queens,QN07,Hollis,21448,8034,8895,16929,16544,1553,3808,12015,6822,5173,70.97288676,76.69477234,64.3888474,9.387088975,23.01740812
Queens,QN08,St. Albans,53134,18790,22814,41604,41235,3449,8178,33127,19444,13631,79.62455533,85.22836855,72.54390633,8.364253668,19.83266642
Queens,QN10,Breezy Point-Belle Harbor-Rockaway Park-Broad Channel,27894,11425,10845,22270,21263,1951,4134,17128,9222,7879,76.91064212,85.03457815,68.96280088,9.175563185,19.44222358
Queens,QN12,Hammels-Arverne-Edgemere,41470,13180,16752,29932,28748,6150,12473,19361,11636,7676,64.68328211,69.46036294,58.23975721,21.39279254,43.38736608
Queens,QN15,Far Rockaway-Bayswater,56522,17444,21944,39388,37704,6555,14618,23390,13467,9861,59.3835686,61.36985053,56.52946572,17.3854233,38.77042224
Queens,QN17,Forest Hills,88313,32718,39910,72628,72211,7343,14981,49139,27234,21810,67.65847882,68.23853671,66.66055382,10.16881085,20.74614671
Queens,QN18,Rego Park,27739,10547,12893,23440,23440,2947,6540,15177,8354,6796,64.74829352,64.79484992,64.43538447,12.5725256,27.90102389
Queens,QN19,Glendale,35576,13555,14224,27779,27779,2287,5147,17115,9414,7669,61.6112891,66.18391451,56.57690889,8.232837755,18.52838475
Queens,QN20,Ridgewood,75437,28971,29258,58229,58196,6612,17780,30616,16493,14037,52.57861203,56.3709071,48.45190018,11.36160561,30.55192797
Queens,QN21,Middle Village,40435,15070,17458,32528,32175,2668,7007,21296,11692,9577,65.46974914,66.97216176,63.55009954,8.292152292,21.77777778
Queens,QN22,Flushing,70219,26410,32734,59144,58233,14132,29635,28822,16188,12573,48.73190856,49.45316796,47.60696706,24.26802672,50.89038861
Queens,QN23,College Point,24795,9403,9821,19224,18660,2323,6240,10589,5744,4829,55.08218893,58.48691579,51.35595023,12.44908896,33.44051447
Queens,QN25,Corona,58498,22061,21200,43261,42869,8548,20280,21725,12018,9657,50.21844155,56.68867925,43.77408096,19.93981665,47.30691175
Queens,QN26,North Corona,54146,21306,17598,38904,38904,6840,19449,13418,7134,6262,34.49002673,40.53869758,29.39078194,17.58173967,49.99228871
Queens,QN27,East Elmhurst,19790,7427,7835,15262,14818,2385,5745,10540,5843,4674,69.06041148,74.57562221,62.93254342,16.09528951,38.77041436
Queens,QN28,Jackson Heights,98728,39491,40676,80167,79705,9703,27982,51447,27091,24255,64.17478514,66.60192743,61.41905751,12.1736403,35.1069569
Queens,QN29,Elmhurst,81745,32772,32539,65311,65031,9457,26999,33342,17625,15643,51.05112462,54.16577031,47.7328207,14.54229521,41.5171226
Queens,QN30,Maspeth,32179,11927,12862,24789,24607,2130,6114,14612,7996,6593,58.94550002,62.16762556,55.27794081,8.656073475,24.84658837
Queens,QN31,Hunters Point-Sunnyside-West Maspeth,69295,30540,27837,58377,58029,5810,14727,36912,19084,17713,63.23038183,68.5562381,57.99934512,10.01223526,25.37868997
Queens,QN33,Cambria Heights,21207,7829,9696,17525,17525,735,2322,13703,8065,5621,78.19115549,83.17863036,71.79716439,4.194008559,13.24964337
Queens,QN34,Queens Village,54256,20711,23072,43783,43641,3286,10160,32007,17964,13985,73.10371605,77.86061026,67.52450389,7.529616645,23.28085974
Queens,QN35,Briarwood-Jamaica Hills,43476,16895,18151,35046,34346,5201,10828,20759,10944,9753,59.23357873,60.29419867,57.72713821,15.14295697,31.52623304
Queens,QN37,Kew Gardens Hills,37584,13484,15077,28561,27401,3233,8308,19708,10801,8877,69.00318616,71.63892021,65.83358054,11.79883946,30.32006131
Queens,QN38,Pomonok-Flushing Heights-Hillcrest,36975,13383,15783,29166,26976,4637,9754,18270,10086,8138,62.6414318,63.90420072,60.80848838,17.1893535,36.15806643
Queens,QN41,Fresh Meadows-Utopia,18699,7189,8020,15209,15209,1689,3712,9237,5018,4203,60.73377605,62.56857855,58.46432049,11.10526662,24.40660135
Queens,QN42,Oakland Gardens,30316,11562,12373,23935,23935,2114,5174,16123,8878,7218,67.36160435,71.75301059,62.42864556,8.832254021,21.61687905
Queens,QN43,Bellerose,27733,10678,11167,21845,21287,1818,4375,15433,8194,7212,70.64774548,73.37691412,67.54073797,8.540423733,20.55244985
Queens,QN44,Glen Oaks-Floral Park-New Hyde Park,24365,9446,11098,20544,19681,1178,3080,14638,8212,6388,71.25194704,73.99531447,67.62650858,5.985468218,15.6496113
Queens,QN45,Douglas Manor-Douglaston-Little Neck,25633,9761,11502,21263,21126,1275,3475,15153,8286,6839,71.2646381,72.03964528,70.06454257,6.035217268,16.44892549
Queens,QN46,Bayside-Bayside Hills,43212,16953,18591,35544,35152,2923,6900,24137,13042,11054,67.9073824,70.15222419,65.20379874,8.31531634,19.6290396
Queens,QN47,Ft. Totten-Bay Terrace-Clearview,22700,8424,10395,18819,18819,1438,2973,13801,7983,5805,73.33545884,76.7965368,68.91025641,7.641213667,15.79786386
Queens,QN48,Auburndale,20588,8207,8808,17015,17015,1206,3862,11110,5983,5105,65.29532765,67.92688465,62.20299744,7.08786365,22.69761975
Queens,QN49,Whitestone,31971,12195,13435,25630,25457,1519,4779,17482,9427,8023,68.20912993,70.16747302,65.78925789,5.966924618,18.77283262
Queens,QN50,Elmhurst-Maspeth,24234,9985,9723,19708,19708,2328,6232,11023,5701,5293,55.93160138,58.63416641,53.00951427,11.81246194,31.62167648
Queens,QN51,Murray Hill,50231,19438,22511,41949,41257,6464,16493,22570,12247,10291,53.80342797,54.40451335,52.94268958,15.66764428,39.97624646
Queens,QN52,East Flushing,25677,10618,10994,21612,21607,3665,9115,11472,6123,5327,53.08162132,55.69401492,50.16952345,16.96209562,42.18540288
Queens,QN53,Woodhaven,60572,22980,23959,46939,46939,5235,14132,27644,14995,12595,58.89345747,62.58608456,54.80852916,11.15277275,30.10716036
Queens,QN54,Richmond Hill,65068,25287,25519,50806,50611,7219,17581,28760,15311,13372,56.6074873,59.99843254,52.88092696,14.26369762,34.73750766
Queens,QN55,South Ozone Park,82931,32176,33868,66044,66042,7638,19198,38311,20992,17212,58.0082975,61.98181174,53.49328692,11.56536749,29.06938009
Queens,QN56,Ozone Park,24511,8960,9934,18894,18894,2297,5327,11175,6024,5121,59.14576056,60.64022549,57.15401786,12.15729861,28.1941357
Queens,QN57,Lindenwood-Howard Beach,29219,10651,12712,23363,23352,2660,5887,15403,8575,6807,65.92903309,67.45594714,63.90949207,11.39088729,25.20983213
Queens,QN60,Kew Gardens,23166,8717,9858,18575,18559,2197,4789,12874,6960,5891,69.30820996,70.6025563,67.58058965,11.8379223,25.80419204
Queens,QN61,Jamaica,53932,20137,21311,41448,41131,6741,17309,24754,13223,11460,59.72302644,62.04776876,56.91016537,16.38909825,42.08261409
Queens,QN62,Queensboro Hill,20269,7779,8353,16132,16132,2446,6680,9419,5053,4345,58.38705678,60.49323596,55.85550842,15.16241012,41.40838086
Queens,QN63,Woodside,43841,18366,17892,36258,36011,3605,11454,21788,11389,10347,60.091566,63.6541471,56.33779811,10.01083002,31.80694788
Queens,QN66,Laurelton,26544,9677,11551,21228,21225,1428,3348,17447,10221,7204,82.18861881,88.48584538,74.44455926,6.727915194,15.77385159
Queens,QN68,Queensbridge-Ravenswood-Long Island City,19228,7041,8072,15113,15111,4750,8833,11517,6531,4950,76.20591544,80.90931615,70.30251385,31.43405466,58.45410628
Queens,QN70,Astoria,74767,31605,33869,65474,65407,7834,19134,43250,23075,20079,66.05675535,68.13014851,63.53108685,11.9773113,29.2537496
Queens,QN71,Old Astoria,24732,10084,10774,20858,20579,3527,7654,15373,8247,7092,73.70313549,76.54538704,70.32923443,17.13883085,37.19325526
Queens,QN72,Steinway,48235,20597,20656,41253,41238,3920,9812,27305,14553,12695,66.18912564,70.45410534,61.63518959,9.505795625,23.79358844
Queens,QN76,Baisley Park,39203,13827,16553,30380,30380,3447,8458,21120,12324,8738,69.51942067,74.45176101,63.1951978,11.34628045,27.84068466
Queens,QN99,park-cemetery-etc-Queens,159,102,52,154,154,70,84,87,1,66,56.49350649,1.923076923,64.70588235,45.45454545,54.54545455
Staten Island,SI01,Annadale-Huguenot-Prince's Bay-Eltingville,28976,11119,12005,23124,23124,1400,3212,19546,21,9280,84.52689846,0.174927114,83.46074287,6.054315862,13.89033039
Staten Island,SI05,New Springville-Bloomfield-Travis,41936,14719,17460,32179,31420,2934,6067,24358,10261,11200,75.69532925,58.76861397,76.09212582,9.338001273,19.3093571
Staten Island,SI07,Westerleigh,24111,9502,9720,19222,19219,1904,3800,16608,13150,7902,86.40099886,135.2880658,83.1614397,9.906863,19.77210053
Staten Island,SI08,Grymes Hill-Clifton-Fox Hills,21707,8037,8792,16829,15970,2922,5051,12972,8701,5677,77.08122883,98.96496815,70.63580938,18.29680651,31.6280526
Staten Island,SI11,Charleston-Richmond Valley-Tottenville,24275,8755,9441,18196,18146,1036,2650,13811,7289,6572,75.90129699,77.20580447,75.06567676,5.709247217,14.60376943
Staten Island,SI12,Mariner's Harbor-Arlington-Port Ivory-Graniteville,31907,11405,12143,23548,23545,4937,7633,17848,7234,7990,75.79412264,59.57341678,70.05699255,20.96835846,32.41877256
Staten Island,SI14,Grasmere-Arrochar-Ft. Wadsworth,16292,5604,6821,12425,12281,1567,3157,8908,9847,4052,71.69416499,144.3629966,72.30549607,12.75954727,25.7063757
Staten Island,SI22,West New Brighton-New Brighton-St. George,32172,10840,13290,24130,23749,5516,9261,19200,4853,8568,79.56900124,36.51617758,79.04059041,23.2262411,38.99532612
Staten Island,SI24,Todt Hill-Emerson Hill-Heartland Village-Lighthouse Hill,32348,11924,13710,25634,24994,1920,4580,19225,10627,8987,74.99804947,77.51276441,75.36900369,7.681843642,18.32439786
Staten Island,SI25,Oakwood-Oakwood Beach,20509,7745,8781,16526,16526,1426,3683,14654,10229,6916,88.67239501,116.4901492,89.29632021,8.628827302,22.28609464
Staten Island,SI28,Port Richmond,19545,7739,7571,15310,15298,2033,3978,10888,7732,5047,71.11691705,102.1265355,65.21514408,13.28931887,26.00339914
Staten Island,SI32,Rossville-Woodrow,22197,8483,8923,17406,17399,1823,3510,13647,5830,6467,78.40399862,65.33677014,76.23482259,10.47761366,20.17357319
Staten Island,SI35,New Brighton-Silver Lake,17105,6512,6859,13371,12812,1782,3366,11486,7177,5358,85.90232593,104.6362444,82.27886978,13.90883547,26.27224477
Staten Island,SI36,Old Town-Dongan Hills-South Beach,25453,9759,10620,20379,19810,2744,5252,14047,6123,6496,68.92879925,57.65536723,66.56419715,13.85159011,26.5118627
Staten Island,SI37,Stapleton-Rosebank,25347,9479,10303,19782,19190,4087,6901,14230,7542,6508,71.93408149,73.20198001,68.65703133,21.29755081,35.96143825
Staten Island,SI45,New Dorp-Midland Beach,20933,8275,8594,16869,16869,1753,3095,13243,7720,6206,78.50494991,89.83011403,74.99697885,10.39184303,18.34726421
Staten Island,SI48,Arden Heights,26982,10149,10687,20836,20836,1376,3438,16527,7027,7778,79.31944711,65.75278376,76.63809242,6.603954694,16.50028796
Staten Island,SI54,Great Kills,42306,15801,18031,33832,33832,2210,5121,28102,8747,13295,83.06337196,48.5108979,84.14024429,6.532277134,15.13655711